{
  "event": {
    "slug": "example",
    "name": "Demo Event"
  },
  "sponsor": {
    "name": "ReduxTC",
    "logo_url": "https://via.placeholder.com/220x60?text=SPONSOR+LOGO",
    "headline": "Welcome to Event Wi-Fi",
    "subheadline": "This Wi-Fi is proudly sponsored by ReduxTC.",
    "cta_text": "Visit ReduxTC",
    "cta_url": "https://reduxtc.com"
  },
  "theme": {
    "background_image_url": "https://images.unsplash.com/photo-1517248135467-4c7edcad34c4?auto=format&fit=crop&w=1400&q=60",
    "accent_color": "#2563eb",
    "button_text_color": "#ffffff"
  }
}
